{
  "latest_test_auc": 0.7054104021349139,
  "latest_test_ap": 0.7886727458007035,
  "latest_test_05_threshold": 0.5,
  "latest_test_05_accuracy": 0.6743966331701452,
  "latest_test_05_balanced_accuracy": 0.6268929269359523,
  "latest_test_05_precision": 0.699155524278677,
  "latest_test_05_recall": 0.8294142201196605,
  "latest_test_05_f1": 0.7587348055750016,
  "latest_test_05_tn": 1891,
  "latest_test_05_fp": 2565,
  "latest_test_05_fn": 1226,
  "latest_test_05_tp": 5961,
  "latest_test_chosen_threshold": 0.41179901361465454,
  "latest_test_chosen_accuracy": 0.6676114403504252,
  "latest_test_chosen_balanced_accuracy": 0.5907826637662905,
  "latest_test_chosen_precision": 0.6678134169786502,
  "latest_test_chosen_recall": 0.9183247530262975,
  "latest_test_chosen_f1": 0.773286467486819,
  "latest_test_chosen_tn": 1173,
  "latest_test_chosen_fp": 3283,
  "latest_test_chosen_fn": 587,
  "latest_test_chosen_tp": 6600
}