{
  "experiment_name": "tft_l3_gold_v1",
  "created_utc": "2026-05-24T00:35:02.888476+00:00",
  "label_family": "L3_hybrid_gold_v3",
  "primary_view": "anchor_sep2024",
  "feature_set_name": "balanced_no_expected_future_factors",
  "use_snapshot_features_in_decoder": true,
  "target_col": "l3_label",
  "train_rows": 957450,
  "train_customers": 54400,
  "train_pos_rate": 0.44601493550577054,
  "anchor_val_rows_predicted": 5778,
  "anchor_test_rows_predicted": 5817,
  "latest_val_rows_predicted": 8082,
  "latest_test_rows_predicted": 8099,
  "model_config": {
    "learning_rate": 0.001,
    "hidden_size": 64,
    "attention_head_size": 4,
    "dropout": 0.2,
    "hidden_continuous_size": 16,
    "lstm_layers": 2,
    "output_size": 2,
    "reduce_on_plateau_patience": 2,
    "max_encoder_length": 12,
    "max_prediction_length": 1,
    "batch_size": 256,
    "max_epochs": 15,
    "loss": "CrossEntropy"
  },
  "best_model_path": "/content/drive/MyDrive/Bitirme Projesi Claude/L3/results/tft_gold_v1/checkpoints/tft-l3-gold-v1-epoch=04-val_loss=0.6388.ckpt",
  "raw_thresholds_selected_on_anchor_val": {
    "thr_05": 0.5,
    "thr_f1": 0.3538188934326172,
    "thr_youden": 0.4849304258823395,
    "thr_p60": 0.385802
  },
  "calibrated_thresholds_selected_on_anchor_val": {
    "thr_05": 0.5,
    "thr_f1": 0.39403973509933776,
    "thr_youden": 0.5510204081632655,
    "thr_p60": 0.39404
  },
  "raw_results": {
    "anchor_val": {
      "n": 5778,
      "pos_rate": 0.5508826583592938,
      "auc": 0.6727667515952099,
      "ap": 0.7039142042795272,
      "log_loss": 0.6387540813613809,
      "brier": 0.22426743424491563,
      "metrics_05": {
        "threshold": 0.5,
        "precision": 0.6479031804109203,
        "recall": 0.7232170907948476,
        "f1": 0.6834916864608076,
        "tn": 1344,
        "fp": 1251,
        "fn": 881,
        "tp": 2302
      },
      "metrics_f1": {
        "threshold": 0.3538188934326172,
        "precision": 0.5909899229401304,
        "recall": 0.939679547596607,
        "f1": 0.7256186317321689,
        "tn": 525,
        "fp": 2070,
        "fn": 192,
        "tp": 2991
      },
      "metrics_youden": {
        "threshold": 0.4849304258823395,
        "precision": 0.6456882699517943,
        "recall": 0.7574615142946906,
        "f1": 0.6971230302154113,
        "tn": 1272,
        "fp": 1323,
        "fn": 772,
        "tp": 2411
      },
      "metrics_p60": {
        "threshold": 0.385802,
        "precision": 0.6,
        "recall": 0.9104618284637135,
        "f1": 0.7233245975290153,
        "tn": 663,
        "fp": 1932,
        "fn": 285,
        "tp": 2898
      }
    },
    "anchor_test": {
      "n": 5817,
      "pos_rate": 0.5597386969228124,
      "auc": 0.667687359628984,
      "ap": 0.7013823229949383,
      "log_loss": 0.6408669693965588,
      "brier": 0.225066258272439,
      "metrics_05": {
        "threshold": 0.5,
        "precision": 0.649737786364891,
        "recall": 0.722972972972973,
        "f1": 0.6844018025875854,
        "tn": 1292,
        "fp": 1269,
        "fn": 902,
        "tp": 2354
      },
      "metrics_f1": {
        "threshold": 0.3538188934326172,
        "precision": 0.5985071695148301,
        "recall": 0.9358108108108109,
        "f1": 0.7300826644303342,
        "tn": 517,
        "fp": 2044,
        "fn": 209,
        "tp": 3047
      },
      "metrics_youden": {
        "threshold": 0.4849304258823395,
        "precision": 0.645599373204492,
        "recall": 0.7592137592137592,
        "f1": 0.6978122794636556,
        "tn": 1204,
        "fp": 1357,
        "fn": 784,
        "tp": 2472
      },
      "metrics_p60": {
        "threshold": 0.385802,
        "precision": 0.6071501951921101,
        "recall": 0.9075552825552825,
        "f1": 0.727563707989659,
        "tn": 649,
        "fp": 1912,
        "fn": 301,
        "tp": 2955
      }
    },
    "latest_val": {
      "n": 8082,
      "pos_rate": 0.6367235832714675,
      "auc": 0.6857909135001816,
      "ap": 0.7835486567248643,
      "log_loss": 0.6069589473618121,
      "brier": 0.2099099572834696,
      "metrics_05": {
        "threshold": 0.5,
        "precision": 0.7184618061597355,
        "recall": 0.8023707734162456,
        "f1": 0.7581015330946479,
        "tn": 1318,
        "fp": 1618,
        "fn": 1017,
        "tp": 4129
      },
      "metrics_f1": {
        "threshold": 0.3538188934326172,
        "precision": 0.6751521859435529,
        "recall": 0.948309366498251,
        "f1": 0.7887506061095846,
        "tn": 588,
        "fp": 2348,
        "fn": 266,
        "tp": 4880
      },
      "metrics_youden": {
        "threshold": 0.4849304258823395,
        "precision": 0.7122783539645366,
        "recall": 0.8274387874076953,
        "f1": 0.765551959726717,
        "tn": 1216,
        "fp": 1720,
        "fn": 888,
        "tp": 4258
      },
      "metrics_p60": {
        "threshold": 0.385802,
        "precision": 0.6809815950920245,
        "recall": 0.9275165176836377,
        "f1": 0.7853558206499383,
        "tn": 700,
        "fp": 2236,
        "fn": 373,
        "tp": 4773
      }
    },
    "latest_test": {
      "n": 8099,
      "pos_rate": 0.6376095814298062,
      "auc": 0.6778738798417032,
      "ap": 0.7779701741610243,
      "log_loss": 0.6109098686898925,
      "brier": 0.21159800572508353,
      "metrics_05": {
        "threshold": 0.5,
        "precision": 0.7074086719016729,
        "recall": 0.8024786986831913,
        "f1": 0.751950644166213,
        "tn": 1221,
        "fp": 1714,
        "fn": 1020,
        "tp": 4144
      },
      "metrics_f1": {
        "threshold": 0.3538188934326172,
        "precision": 0.6710940709297549,
        "recall": 0.9490704879938032,
        "f1": 0.786235662148071,
        "tn": 533,
        "fp": 2402,
        "fn": 263,
        "tp": 4901
      },
      "metrics_youden": {
        "threshold": 0.4849304258823395,
        "precision": 0.7039041994750657,
        "recall": 0.8309450038729667,
        "f1": 0.7621669626998224,
        "tn": 1130,
        "fp": 1805,
        "fn": 873,
        "tp": 4291
      },
      "metrics_p60": {
        "threshold": 0.385802,
        "precision": 0.677887323943662,
        "recall": 0.9320294345468629,
        "f1": 0.7848988910632746,
        "tn": 648,
        "fp": 2287,
        "fn": 351,
        "tp": 4813
      }
    }
  },
  "calibrated_results": {
    "anchor_val": {
      "n": 5778,
      "pos_rate": 0.5508826583592938,
      "auc": 0.6758118303099863,
      "ap": 0.6976004747740401,
      "log_loss": 0.6339355615793927,
      "brier": 0.222556381750258,
      "metrics_05": {
        "threshold": 0.5,
        "precision": 0.6409196590028416,
        "recall": 0.7794533459000943,
        "f1": 0.7034306776297137,
        "tn": 1205,
        "fp": 1390,
        "fn": 702,
        "tp": 2481
      },
      "metrics_f1": {
        "threshold": 0.39403973509933776,
        "precision": 0.5909899229401304,
        "recall": 0.939679547596607,
        "f1": 0.7256186317321689,
        "tn": 525,
        "fp": 2070,
        "fn": 192,
        "tp": 2991
      },
      "metrics_youden": {
        "threshold": 0.5510204081632655,
        "precision": 0.6456882699517943,
        "recall": 0.7574615142946906,
        "f1": 0.6971230302154113,
        "tn": 1272,
        "fp": 1323,
        "fn": 772,
        "tp": 2411
      },
      "metrics_p60": {
        "threshold": 0.39404,
        "precision": 0.6034881277579324,
        "recall": 0.9022934338674207,
        "f1": 0.7232435154872828,
        "tn": 708,
        "fp": 1887,
        "fn": 311,
        "tp": 2872
      }
    },
    "anchor_test": {
      "n": 5817,
      "pos_rate": 0.5597386969228124,
      "auc": 0.666543524728804,
      "ap": 0.6903326169121442,
      "log_loss": 0.6517899789137809,
      "brier": 0.22503901237128085,
      "metrics_05": {
        "threshold": 0.5,
        "precision": 0.6424411243352748,