{
  "experiment_name": "tft_l3_gold_v1",
  "primary_anchor_test_raw": {
    "n": 5817,
    "pos_rate": 0.5597386969228124,
    "auc": 0.667687359628984,
    "ap": 0.7013823229949383,
    "log_loss": 0.6408669693965588,
    "brier": 0.225066258272439,
    "metrics_05": {
      "threshold": 0.5,
      "precision": 0.649737786364891,
      "recall": 0.722972972972973,
      "f1": 0.6844018025875854,
      "tn": 1292,
      "fp": 1269,
      "fn": 902,
      "tp": 2354
    },
    "metrics_f1": {
      "threshold": 0.3538188934326172,
      "precision": 0.5985071695148301,
      "recall": 0.9358108108108109,
      "f1": 0.7300826644303342,
      "tn": 517,
      "fp": 2044,
      "fn": 209,
      "tp": 3047
    },
    "metrics_youden": {
      "threshold": 0.4849304258823395,
      "precision": 0.645599373204492,
      "recall": 0.7592137592137592,
      "f1": 0.6978122794636556,
      "tn": 1204,
      "fp": 1357,
      "fn": 784,
      "tp": 2472
    },
    "metrics_p60": {
      "threshold": 0.385802,
      "precision": 0.6071501951921101,
      "recall": 0.9075552825552825,
      "f1": 0.727563707989659,
      "tn": 649,
      "fp": 1912,
      "fn": 301,
      "tp": 2955
    }
  },
  "primary_anchor_test_calibrated": {
    "n": 5817,
    "pos_rate": 0.5597386969228124,
    "auc": 0.666543524728804,
    "ap": 0.6903326169121442,
    "log_loss": 0.6517899789137809,
    "brier": 0.22503901237128085,
    "metrics_05": {
      "threshold": 0.5,
      "precision": 0.6424411243352748,
      "recall": 0.7791769041769042,
      "f1": 0.704233171408744,
      "tn": 1149,
      "fp": 1412,
      "fn": 719,
      "tp": 2537
    },
    "metrics_f1": {
      "threshold": 0.39403973509933776,
      "precision": 0.5985071695148301,
      "recall": 0.9358108108108109,
      "f1": 0.7300826644303342,
      "tn": 517,
      "fp": 2044,
      "fn": 209,
      "tp": 3047
    },
    "metrics_youden": {
      "threshold": 0.5510204081632655,
      "precision": 0.645599373204492,
      "recall": 0.7592137592137592,
      "f1": 0.6978122794636556,
      "tn": 1204,
      "fp": 1357,
      "fn": 784,
      "tp": 2472
    },
    "metrics_p60": {
      "threshold": 0.39404,
      "precision": 0.6099334995843724,
      "recall": 0.9014127764127764,
      "f1": 0.7275656916212196,
      "tn": 684,
      "fp": 1877,
      "fn": 321,
      "tp": 2935
    }
  },
  "latest_test_raw": {
    "n": 8099,
    "pos_rate": 0.6376095814298062,
    "auc": 0.6778738798417032,
    "ap": 0.7779701741610243,
    "log_loss": 0.6109098686898925,
    "brier": 0.21159800572508353,
    "metrics_05": {
      "threshold": 0.5,
      "precision": 0.7074086719016729,
      "recall": 0.8024786986831913,
      "f1": 0.751950644166213,
      "tn": 1221,
      "fp": 1714,
      "fn": 1020,
      "tp": 4144
    },
    "metrics_f1": {
      "threshold": 0.3538188934326172,
      "precision": 0.6710940709297549,
      "recall": 0.9490704879938032,
      "f1": 0.786235662148071,
      "tn": 533,
      "fp": 2402,
      "fn": 263,
      "tp": 4901
    },
    "metrics_youden": {
      "threshold": 0.4849304258823395,
      "precision": 0.7039041994750657,
      "recall": 0.8309450038729667,
      "f1": 0.7621669626998224,
      "tn": 1130,
      "fp": 1805,
      "fn": 873,
      "tp": 4291
    },
    "metrics_p60": {
      "threshold": 0.385802,
      "precision": 0.677887323943662,
      "recall": 0.9320294345468629,
      "f1": 0.7848988910632746,
      "tn": 648,
      "fp": 2287,
      "fn": 351,
      "tp": 4813
    }
  },
  "latest_test_calibrated": {
    "n": 8099,
    "pos_rate": 0.6376095814298062,
    "auc": 0.6770182313144203,
    "ap": 0.7673005791988019,
    "log_loss": 0.6234113080572262,
    "brier": 0.2111419591235212,
    "metrics_05": {
      "threshold": 0.5,
      "precision": 0.7012321971515443,
      "recall": 0.84856700232378,
      "f1": 0.767896258652414,
      "tn": 1068,
      "fp": 1867,
      "fn": 782,
      "tp": 4382
    },
    "metrics_f1": {
      "threshold": 0.39403973509933776,
      "precision": 0.6710940709297549,
      "recall": 0.9490704879938032,
      "f1": 0.786235662148071,
      "tn": 533,
      "fp": 2402,
      "fn": 263,
      "tp": 4901
    },
    "metrics_youden": {
      "threshold": 0.5510204081632655,
      "precision": 0.7039041994750657,
      "recall": 0.8309450038729667,
      "f1": 0.7621669626998224,
      "tn": 1130,
      "fp": 1805,
      "fn": 873,
      "tp": 4291
    },
    "metrics_p60": {
      "threshold": 0.39404,
      "precision": 0.6789667896678967,
      "recall": 0.9264136328427576,
      "f1": 0.7836199836199836,
      "tn": 673,
      "fp": 2262,
      "fn": 380,
      "tp": 4784
    }
  },
  "raw_best_f1_threshold_from_anchor_val": 0.3538188934326172,
  "calibrated_best_f1_threshold_from_anchor_val": 0.39403973509933776,
  "best_model_path": "/content/drive/MyDrive/Bitirme Projesi Claude/L3/results/tft_gold_v1/checkpoints/tft-l3-gold-v1-epoch=04-val_loss=0.6388.ckpt"
}