{
  "created_utc": "2026-05-23T23:32:57.024566+00:00",
  "run_mode": "tuning",
  "l3_dir": "/content/drive/MyDrive/Bitirme Projesi Claude/L3/labels/l3_hybrid_gold_v3",
  "output_dir": "/content/drive/MyDrive/Bitirme Projesi Claude/L3/models/tabnet_l3_gold_v1",
  "train_path": "/content/drive/MyDrive/Bitirme Projesi Claude/L3/labels/l3_hybrid_gold_v3/tabnet_l3_primary_train.parquet",
  "val_path": "/content/drive/MyDrive/Bitirme Projesi Claude/L3/labels/l3_hybrid_gold_v3/tabnet_l3_primary_val.parquet",
  "test_path": "/content/drive/MyDrive/Bitirme Projesi Claude/L3/labels/l3_hybrid_gold_v3/tabnet_l3_primary_test.parquet",
  "feature_set_name": "balanced_no_expected_future_factors",
  "target_col": "l3_label",
  "n_features": 30,
  "best_model_zip": "/content/drive/MyDrive/Bitirme Projesi Claude/L3/models/tabnet_l3_gold_v1/best_tabnet_l3_gold_v1_20260523_233256.zip",
  "best_result": {
    "name": "trial_05_low_gamma",
    "n_d": 32,
    "n_a": 32,
    "n_steps": 5,
    "gamma": 1.2,
    "n_independent": 2,
    "n_shared": 2,
    "lambda_sparse": 0.0001,
    "lr": 0.002,
    "mask_type": "entmax",
    "batch_size": 2048,
    "virtual_batch_size": 256,
    "seconds": 134.3393144607544,
    "val_best_f1_threshold": 0.41179901361465454,
    "val_youden_threshold": 0.5522971153259277,
    "val_p60_threshold": 0.42203307151794434,
    "val_auc": 0.6977569027681231,
    "val_ap": 0.7046246412859734,
    "val_05_threshold": 0.5,
    "val_05_accuracy": 0.6473949579831932,
    "val_05_balanced_accuracy": 0.6391482906682494,
    "val_05_precision": 0.6378650904033379,
    "val_05_recall": 0.7751954362983309,
    "val_05_f1": 0.6998569384835479,
    "val_05_tn": 2109,
    "val_05_fp": 2083,
    "val_05_fn": 1064,
    "val_05_tp": 3669,
    "val_chosen_threshold": 0.41179901361465454,
    "val_chosen_accuracy": 0.626218487394958,
    "val_chosen_balanced_accuracy": 0.6078526018389641,
    "val_chosen_precision": 0.5966782006920415,
    "val_chosen_recall": 0.9108387914641877,
    "val_chosen_f1": 0.7210235825388861,
    "val_chosen_tn": 1278,
    "val_chosen_fp": 2914,
    "val_chosen_fn": 422,
    "val_chosen_tp": 4311,
    "test_auc": 0.688908058772271,
    "test_ap": 0.7011118504412311,
    "test_05_threshold": 0.5,
    "test_05_accuracy": 0.638602776533811,
    "test_05_balanced_accuracy": 0.6281417047459502,
    "test_05_precision": 0.6351584022038568,
    "test_05_recall": 0.7688620258441017,
    "test_05_f1": 0.6956439751084292,
    "test_05_tn": 2015,
    "test_05_fp": 2119,
    "test_05_fn": 1109,
    "test_05_tp": 3689,
    "test_chosen_threshold": 0.41179901361465454,
    "test_chosen_accuracy": 0.6246081504702194,
    "test_chosen_balanced_accuracy": 0.6024279286664558,
    "test_chosen_precision": 0.6003611612723989,
    "test_chosen_recall": 0.9007919966652772,
    "test_chosen_f1": 0.7205134616987581,
    "test_chosen_tn": 1257,
    "test_chosen_fp": 2877,
    "test_chosen_fn": 476,
    "test_chosen_tp": 4322,
    "selection_score": 0.7210933582291629
  },
  "target_summary": {
    "train_pos_rate": 0.5363170006712052,
    "val_pos_rate": 0.5303081232492998,
    "test_pos_rate": 0.5371697268248993,
    "train_rows": 41716,
    "val_rows": 8925,
    "test_rows": 8932,
    "n_features": 30
  }
}